{
    "name": "root",
    "gauges": {
        "Hummingbird.Policy.Entropy.mean": {
            "value": 1.4497781991958618,
            "min": 1.4179096221923828,
            "max": 1.449778437614441,
            "count": 378
        },
        "Hummingbird.Policy.Entropy.sum": {
            "value": 2969.145751953125,
            "min": 1397.685302734375,
            "max": 4247.29931640625,
            "count": 378
        },
        "Hummingbird.Step.mean": {
            "value": 755968.0,
            "min": 1920.0,
            "max": 755968.0,
            "count": 378
        },
        "Hummingbird.Step.sum": {
            "value": 755968.0,
            "min": 1920.0,
            "max": 755968.0,
            "count": 378
        },
        "Hummingbird.Policy.ExtrinsicValueEstimate.mean": {
            "value": -0.00043232482858002186,
            "min": -0.1401984989643097,
            "max": 0.09191766381263733,
            "count": 378
        },
        "Hummingbird.Policy.ExtrinsicValueEstimate.sum": {
            "value": -0.00691719725728035,
            "min": -2.243175983428955,
            "max": 1.3787649869918823,
            "count": 378
        },
        "Hummingbird.IsTraining.mean": {
            "value": 1.0,
            "min": 1.0,
            "max": 1.0,
            "count": 378
        },
        "Hummingbird.IsTraining.sum": {
            "value": 1.0,
            "min": 1.0,
            "max": 1.0,
            "count": 378
        },
        "Hummingbird.Environment.EpisodeLength.mean": {
            "value": 999.0,
            "min": 999.0,
            "max": 999.0,
            "count": 94
        },
        "Hummingbird.Environment.EpisodeLength.sum": {
            "value": 7992.0,
            "min": 7992.0,
            "max": 7992.0,
            "count": 94
        },
        "Hummingbird.Environment.CumulativeReward.mean": {
            "value": 0.0,
            "min": -12.5,
            "max": 3.0053555965423584,
            "count": 188
        },
        "Hummingbird.Environment.CumulativeReward.sum": {
            "value": 0.0,
            "min": -26.703262090682983,
            "max": 3.075750008225441,
            "count": 188
        },
        "Hummingbird.Policy.ExtrinsicReward.mean": {
            "value": 0.0,
            "min": -12.5,
            "max": 3.0053555965423584,
            "count": 188
        },
        "Hummingbird.Policy.ExtrinsicReward.sum": {
            "value": 0.0,
            "min": -26.703262090682983,
            "max": 3.075750008225441,
            "count": 188
        },
        "Hummingbird.Losses.PolicyLoss.mean": {
            "value": 0.012834416336166518,
            "min": 0.011394933115176779,
            "max": 0.023567774519324302,
            "count": 35
        },
        "Hummingbird.Losses.PolicyLoss.sum": {
            "value": 0.012834416336166518,
            "min": 0.011394933115176779,
            "max": 0.023567774519324302,
            "count": 35
        },
        "Hummingbird.Losses.ValueLoss.mean": {
            "value": 0.0009857389969207967,
            "min": 7.309950233320705e-05,
            "max": 0.01207063407637179,
            "count": 35
        },
        "Hummingbird.Losses.ValueLoss.sum": {
            "value": 0.0009857389969207967,
            "min": 7.309950233320705e-05,
            "max": 0.01207063407637179,
            "count": 35
        },
        "Hummingbird.Policy.LearningRate.mean": {
            "value": 0.00025588993470336004,
            "min": 0.00025588993470336004,
            "max": 0.0002987328004223999,
            "count": 35
        },
        "Hummingbird.Policy.LearningRate.sum": {
            "value": 0.00025588993470336004,
            "min": 0.00025588993470336004,
            "max": 0.0002987328004223999,
            "count": 35
        },
        "Hummingbird.Policy.Epsilon.mean": {
            "value": 0.18529663999999996,
            "min": 0.18529663999999996,
            "max": 0.19957759999999994,
            "count": 35
        },
        "Hummingbird.Policy.Epsilon.sum": {
            "value": 0.18529663999999996,
            "min": 0.18529663999999996,
            "max": 0.19957759999999994,
            "count": 35
        },
        "Hummingbird.Policy.Beta.mean": {
            "value": 0.004266302336000001,
            "min": 0.004266302336000001,
            "max": 0.004978922239999999,
            "count": 35
        },
        "Hummingbird.Policy.Beta.sum": {
            "value": 0.004266302336000001,
            "min": 0.004266302336000001,
            "max": 0.004978922239999999,
            "count": 35
        }
    },
    "metadata": {
        "timer_format_version": "0.1.0",
        "start_time_seconds": "1678739138",
        "python_version": "3.9.5 (default, May 18 2021, 14:42:02) [MSC v.1916 64 bit (AMD64)]",
        "command_line_arguments": "C:\\Users\\jacky\\.conda\\envs\\ml-agents\\Scripts\\mlagents-learn .\\trainer_config.yaml --run-id hb_01",
        "mlagents_version": "0.30.0",
        "mlagents_envs_version": "0.30.0",
        "communication_protocol_version": "1.5.0",
        "pytorch_version": "1.13.1+cpu",
        "numpy_version": "1.21.2",
        "end_time_seconds": "1678740121"
    },
    "total": 983.3637746999999,
    "count": 1,
    "self": 0.003954099999873506,
    "children": {
        "run_training.setup": {
            "total": 0.07387260000000007,
            "count": 1,
            "self": 0.07387260000000007
        },
        "TrainerController.start_learning": {
            "total": 983.2859480000001,
            "count": 1,
            "self": 2.0656025999875283,
            "children": {
                "TrainerController._reset_env": {
                    "total": 28.0340369,
                    "count": 1,
                    "self": 28.0340369
                },
                "TrainerController.advance": {
                    "total": 953.1587525000126,
                    "count": 94634,
                    "self": 0.7694588999930829,
                    "children": {
                        "env_step": {
                            "total": 952.3892936000195,
                            "count": 94634,
                            "self": 789.3401307000418,
                            "children": {
                                "SubprocessEnvManager._take_step": {
                                    "total": 162.1719714999819,
                                    "count": 94634,
                                    "self": 4.026941599988902,
                                    "children": {
                                        "TorchPolicy.evaluate": {
                                            "total": 158.145029899993,
                                            "count": 94634,
                                            "self": 158.145029899993
                                        }
                                    }
                                },
                                "workers": {
                                    "total": 0.8771913999959118,
                                    "count": 94633,
                                    "self": 0.0,
                                    "children": {
                                        "worker_root": {
                                            "total": 952.6842982000097,
                                            "count": 94633,
                                            "is_parallel": true,
                                            "self": 275.4281735000046,
                                            "children": {
                                                "steps_from_proto": {
                                                    "total": 0.0005488000000006821,
                                                    "count": 1,
                                                    "is_parallel": true,