{
    "name": "root",
    "gauges": {
        "Car.Policy.Entropy.mean": {
            "value": 1.3844236135482788,
            "min": 1.3843492269515991,
            "max": 1.4197564125061035,
            "count": 500
        },
        "Car.Policy.Entropy.sum": {
            "value": 14042.208984375,
            "min": 9843.8251953125,
            "max": 17121.9609375,
            "count": 500
        },
        "Car.Step.mean": {
            "value": 4999992.0,
            "min": 9896.0,
            "max": 4999992.0,
            "count": 500
        },
        "Car.Step.sum": {
            "value": 4999992.0,
            "min": 9896.0,
            "max": 4999992.0,
            "count": 500
        },
        "Car.Policy.ExtrinsicValueEstimate.mean": {
            "value": 2.7796852588653564,
            "min": -0.14896845817565918,
            "max": 3.9600391387939453,
            "count": 500
        },
        "Car.Policy.ExtrinsicValueEstimate.sum": {
            "value": 222.37481689453125,
            "min": -11.768507957458496,
            "max": 316.8031311035156,
            "count": 500
        },
        "Car.Environment.EpisodeLength.mean": {
            "value": 999.0,
            "min": 999.0,
            "max": 999.0,
            "count": 497
        },
        "Car.Environment.EpisodeLength.sum": {
            "value": 8991.0,
            "min": 8991.0,
            "max": 17982.0,
            "count": 497
        },
        "Car.Environment.CumulativeReward.mean": {
            "value": 286.44444444444446,
            "min": -17.77777777777778,
            "max": 348.1666666666667,
            "count": 500
        },
        "Car.Environment.CumulativeReward.sum": {
            "value": 2578.0,
            "min": -160.0,
            "max": 5650.0,
            "count": 500
        },
        "Car.Policy.ExtrinsicReward.mean": {
            "value": 286.44444444444446,
            "min": -17.77777777777778,
            "max": 348.1666666666667,
            "count": 500
        },
        "Car.Policy.ExtrinsicReward.sum": {
            "value": 2578.0,
            "min": -160.0,
            "max": 5650.0,
            "count": 500
        },
        "Car.IsTraining.mean": {
            "value": 1.0,
            "min": 1.0,
            "max": 1.0,
            "count": 500
        },
        "Car.IsTraining.sum": {
            "value": 1.0,
            "min": 1.0,
            "max": 1.0,
            "count": 500
        },
        "Car.Losses.PolicyLoss.mean": {
            "value": 0.012273869683849626,
            "min": 0.010558132456693178,
            "max": 0.023837767983786763,
            "count": 233
        },
        "Car.Losses.PolicyLoss.sum": {
            "value": 0.012273869683849626,
            "min": 0.010558132456693178,
            "max": 0.023837767983786763,
            "count": 233
        },
        "Car.Losses.ValueLoss.mean": {
            "value": 2.385203719139099,
            "min": 0.13108675802747408,
            "max": 14.978867467244466,
            "count": 233
        },
        "Car.Losses.ValueLoss.sum": {
            "value": 2.385203719139099,
            "min": 0.13108675802747408,
            "max": 14.978867467244466,
            "count": 233
        },
        "Car.Policy.LearningRate.mean": {
            "value": 1.172739609120014e-06,
            "min": 1.172739609120014e-06,
            "max": 0.0002987126404291201,
            "count": 233
        },
        "Car.Policy.LearningRate.sum": {
            "value": 1.172739609120014e-06,
            "min": 1.172739609120014e-06,
            "max": 0.0002987126404291201,
            "count": 233
        },
        "Car.Policy.Epsilon.mean": {
            "value": 0.10039088,
            "min": 0.10039088,
            "max": 0.19957087999999992,
            "count": 233
        },
        "Car.Policy.Epsilon.sum": {
            "value": 0.10039088,
            "min": 0.10039088,
            "max": 0.19957087999999992,
            "count": 233
        },
        "Car.Policy.Beta.mean": {
            "value": 2.9504912000000233e-05,
            "min": 2.9504912000000233e-05,
            "max": 0.004978586912000001,
            "count": 233
        },
        "Car.Policy.Beta.sum": {
            "value": 2.9504912000000233e-05,
            "min": 2.9504912000000233e-05,
            "max": 0.004978586912000001,
            "count": 233
        }
    },
    "metadata": {
        "timer_format_version": "0.1.0",
        "start_time_seconds": "1679892097",
        "python_version": "3.9.5 (default, May 18 2021, 14:42:02) [MSC v.1916 64 bit (AMD64)]",
        "command_line_arguments": "C:\\Users\\jacky\\.conda\\envs\\ml-agents\\Scripts\\mlagents-learn .\\trainer_config.yaml --run-id car_01",
        "mlagents_version": "0.30.0",
        "mlagents_envs_version": "0.30.0",
        "communication_protocol_version": "1.5.0",
        "pytorch_version": "1.13.1+cpu",
        "numpy_version": "1.21.2",
        "end_time_seconds": "1679896186"
    },
    "total": 4088.7380746000003,
    "count": 1,
    "self": 0.007047799999782001,
    "children": {
        "run_training.setup": {
            "total": 0.07732959999999989,
            "count": 1,
            "self": 0.07732959999999989
        },
        "TrainerController.start_learning": {
            "total": 4088.6536972000004,
            "count": 1,
            "self": 7.597224700112292,
            "children": {
                "TrainerController._reset_env": {
                    "total": 4.9934806,
                    "count": 1,
                    "self": 4.9934806
                },
                "TrainerController.advance": {
                    "total": 4076.0259553998876,
                    "count": 555645,
                    "self": 3.9962194999206986,
                    "children": {
                        "env_step": {
                            "total": 4072.029735899967,
                            "count": 555645,
                            "self": 3135.109481899699,
                            "children": {
                                "SubprocessEnvManager._take_step": {
                                    "total": 932.3137778001505,
                                    "count": 555645,
                                    "self": 21.652078200259325,
                                    "children": {
                                        "TorchPolicy.evaluate": {
                                            "total": 910.6616995998912,
                                            "count": 555645,
                                            "self": 910.6616995998912
                                        }
                                    }
                                },
                                "workers": {
                                    "total": 4.606476200117477,
                                    "count": 555645,
                                    "self": 0.0,
                                    "children": {
                                        "worker_root": {
                                            "total": 4074.6664208998795,
                                            "count": 555645,
                                            "is_parallel": true,
                                            "self": 1545.219511599846,
                                            "children": {
                                                "steps_from_proto": {
                                                    "total": 0.00042199999999947835,
                                                    "count": 1,
                                                    "is_parallel": true,
                                                    "self": 9.349999999752612e-05,