{
    "name": "root",
    "gauges": {
        "Hummingbird.Policy.Entropy.mean": {
            "value": 1.4154999256134033,
            "min": 1.4154999256134033,
            "max": 1.4588984251022339,
            "count": 500
        },
        "Hummingbird.Policy.Entropy.sum": {
            "value": 13939.84375,
            "min": 11867.6669921875,
            "max": 17131.55859375,
            "count": 500
        },
        "Hummingbird.Step.mean": {
            "value": 4999896.0,
            "min": 9920.0,
            "max": 4999896.0,
            "count": 500
        },
        "Hummingbird.Step.sum": {
            "value": 4999896.0,
            "min": 9920.0,
            "max": 4999896.0,
            "count": 500
        },
        "Hummingbird.Policy.ExtrinsicValueEstimate.mean": {
            "value": 0.42341652512550354,
            "min": -0.07187744975090027,
            "max": 0.447965532541275,
            "count": 500
        },
        "Hummingbird.Policy.ExtrinsicValueEstimate.sum": {
            "value": 34.29673767089844,
            "min": -5.678318500518799,
            "max": 35.837242126464844,
            "count": 500
        },
        "Hummingbird.Environment.EpisodeLength.mean": {
            "value": 999.0,
            "min": 999.0,
            "max": 999.0,
            "count": 500
        },
        "Hummingbird.Environment.EpisodeLength.sum": {
            "value": 15984.0,
            "min": 7992.0,
            "max": 15984.0,
            "count": 500
        },
        "Hummingbird.Environment.CumulativeReward.mean": {
            "value": 40.82052564620972,
            "min": -4.1875,
            "max": 47.05862585455179,
            "count": 500
        },
        "Hummingbird.Environment.CumulativeReward.sum": {
            "value": 612.3078846931458,
            "min": -33.5,
            "max": 672.9470151662827,
            "count": 500
        },
        "Hummingbird.Policy.ExtrinsicReward.mean": {
            "value": 40.82052564620972,
            "min": -4.1875,
            "max": 47.05862585455179,
            "count": 500
        },
        "Hummingbird.Policy.ExtrinsicReward.sum": {
            "value": 612.3078846931458,
            "min": -33.5,
            "max": 672.9470151662827,
            "count": 500
        },
        "Hummingbird.IsTraining.mean": {
            "value": 1.0,
            "min": 1.0,
            "max": 1.0,
            "count": 500
        },
        "Hummingbird.IsTraining.sum": {
            "value": 1.0,
            "min": 1.0,
            "max": 1.0,
            "count": 500
        },
        "Hummingbird.Losses.PolicyLoss.mean": {
            "value": 0.020234863392154998,
            "min": 0.011392714260121768,
            "max": 0.022860513379176457,
            "count": 238
        },
        "Hummingbird.Losses.PolicyLoss.sum": {
            "value": 0.020234863392154998,
            "min": 0.011392714260121768,
            "max": 0.022860513379176457,
            "count": 238
        },
        "Hummingbird.Losses.ValueLoss.mean": {
            "value": 0.04994500540196896,
            "min": 6.808142052250332e-06,
            "max": 0.053993448987603186,
            "count": 238
        },
        "Hummingbird.Losses.ValueLoss.sum": {
            "value": 0.04994500540196896,
            "min": 6.808142052250332e-06,
            "max": 0.053993448987603186,
            "count": 238
        },
        "Hummingbird.Policy.LearningRate.mean": {
            "value": 1.1145996288000479e-07,
            "min": 1.1145996288000479e-07,
            "max": 0.0002987328004223999,
            "count": 238
        },
        "Hummingbird.Policy.LearningRate.sum": {
            "value": 1.1145996288000479e-07,
            "min": 1.1145996288000479e-07,
            "max": 0.0002987328004223999,
            "count": 238
        },
        "Hummingbird.Policy.Epsilon.mean": {
            "value": 0.10003712000000003,
            "min": 0.10003712000000003,
            "max": 0.19957759999999994,
            "count": 238
        },
        "Hummingbird.Policy.Epsilon.sum": {
            "value": 0.10003712000000003,
            "min": 0.10003712000000003,
            "max": 0.19957759999999994,
            "count": 238
        },
        "Hummingbird.Policy.Beta.mean": {
            "value": 1.1852288000000078e-05,
            "min": 1.1852288000000078e-05,
            "max": 0.004978922239999999,
            "count": 238
        },
        "Hummingbird.Policy.Beta.sum": {
            "value": 1.1852288000000078e-05,
            "min": 1.1852288000000078e-05,
            "max": 0.004978922239999999,
            "count": 238
        }
    },
    "metadata": {
        "timer_format_version": "0.1.0",
        "start_time_seconds": "1678741031",
        "python_version": "3.9.5 (default, May 18 2021, 14:42:02) [MSC v.1916 64 bit (AMD64)]",
        "command_line_arguments": "C:\\Users\\jacky\\.conda\\envs\\ml-agents\\Scripts\\mlagents-learn .\\trainer_config.yaml --run-id hb_02",
        "mlagents_version": "0.30.0",
        "mlagents_envs_version": "0.30.0",
        "communication_protocol_version": "1.5.0",
        "pytorch_version": "1.13.1+cpu",
        "numpy_version": "1.21.2",
        "end_time_seconds": "1678746618"
    },
    "total": 5586.793168499999,
    "count": 1,
    "self": 0.0058886999995593214,
    "children": {
        "run_training.setup": {
            "total": 0.07296220000000009,
            "count": 1,
            "self": 0.07296220000000009
        },
        "TrainerController.start_learning": {
            "total": 5586.7143176,
            "count": 1,
            "self": 8.920190500062745,
            "children": {
                "TrainerController._reset_env": {
                    "total": 5.7765154,
                    "count": 1,
                    "self": 5.7765154
                },
                "TrainerController.advance": {
                    "total": 5571.980018899937,
                    "count": 625129,
                    "self": 4.3064229003002765,
                    "children": {
                        "env_step": {
                            "total": 5567.673595999637,
                            "count": 625129,
                            "self": 4572.551273399543,
                            "children": {
                                "SubprocessEnvManager._take_step": {
                                    "total": 990.1653364999729,
                                    "count": 625129,
                                    "self": 22.756344099798753,
                                    "children": {
                                        "TorchPolicy.evaluate": {
                                            "total": 967.4089924001742,
                                            "count": 625129,
                                            "self": 967.4089924001742
                                        }
                                    }
                                },
                                "workers": {
                                    "total": 4.956986100121011,
                                    "count": 625129,
                                    "self": 0.0,
                                    "children": {
                                        "worker_root": {
                                            "total": 5570.806651799983,
                                            "count": 625129,
                                            "is_parallel": true,
                                            "self": 1617.9852519995607,
                                            "children": {
                                                "steps_from_proto": {
                                                    "total": 0.00047869999999949897,
                                                    "count": 1,
                                                    "is_parallel": true,