{"count":1,"self":1438.347264,"total":4002.5156509999997,"children":{"InitializeActuators":{"count":9,"self":0.0010008999999999999,"total":0.0010008999999999999,"children":null},"InitializeSensors":{"count":9,"self":0.0020017,"total":0.0020017,"children":null},"AgentSendState":{"count":2778234,"self":274.367232,"total":348.7145595,"children":{"CollectObservations":{"count":5000823,"self":5.492412,"total":5.492412,"children":null},"WriteActionMask":{"count":5000823,"self":2.033446,"total":2.033446,"children":null},"RequestDecision":{"count":5000823,"self":8.5208032,"total":66.8214745,"children":{"AgentInfo.ToProto":{"count":5000823,"self":7.3744016,"total":58.300671599999994,"children":{"GenerateSensorData":{"count":5000823,"self":38.400416,"total":50.926270099999996,"children":{"RayPerceptionSensor.Perceive":{"count":10001646,"self":12.5258536,"total":12.5258535,"children":null}}}}}}}}},"DecideAction":{"count":2778234,"self":2147.3693696,"total":2147.3693279999998,"children":null},"AgentAct":{"count":2778234,"self":68.008966399999991,"total":68.081017199999991,"children":{"AgentInfo.ToProto":{"count":4995,"self":0.010541799999999999,"total":0.0720524,"children":{"GenerateSensorData":{"count":4995,"self":0.0464602,"total":0.0615106,"children":{"RayPerceptionSensor.Perceive":{"count":9990,"self":0.015050399999999999,"total":0.015050399999999999,"children":null}}}}}}}},"gauges":{"Car.CumulativeReward":{"count":4995,"max":366.2766,"min":-361.1264,"runningAverage":250.674332,"value":366.227234,"weightedAverage":358.732422}},"metadata":{"timer_format_version":"0.1.0","start_time_seconds":"1679902338","unity_version":"2021.3.16f1","command_line_arguments":"C:\\Program Files\\Unity\\Hub\\Editor\\2021.3.16f1\\Editor\\Unity.exe -projectpath C:\\Work\\UnityProjects\\F23QLearning -useHub -hubIPC -cloudEnvironment production -licensingIpc LicenseClient-jacky -hubSessionId 2d632670-c7a4-11ed-8c9f-77b7c6756ad2 -accessToken KHZvoCpdY7P3aNtU2B7imyPAaR-h28PKftg3cU9rzhE002f","communication_protocol_version":"1.5.0","com.unity.ml-agents_version":"2.0.1","scene_name":"TrainingTrack","end_time_seconds":"1679906341"}}