{"count":1,"self":1362.1262336,"total":4083.9669777,"children":{"InitializeActuators":{"count":9,"self":0.0015015,"total":0.0015015,"children":null},"InitializeSensors":{"count":9,"self":0.0015018,"total":0.0015018,"children":null},"AgentSendState":{"count":2778234,"self":284.20487679999997,"total":363.39602229999997,"children":{"CollectObservations":{"count":5000823,"self":5.8564295999999993,"total":5.8564297,"children":null},"WriteActionMask":{"count":5000823,"self":2.0931576,"total":2.0931575,"children":null},"RequestDecision":{"count":5000823,"self":8.8981432,"total":71.2415592,"children":{"AgentInfo.ToProto":{"count":5000823,"self":8.153784,"total":62.343415699999994,"children":{"GenerateSensorData":{"count":5000823,"self":41.1235072,"total":54.1896316,"children":{"RayPerceptionSensor.Perceive":{"count":10001646,"self":13.066124799999999,"total":13.0661246,"children":null}}}}}}}}},"DecideAction":{"count":2778234,"self":2288.1462272,"total":2288.1461612,"children":null},"AgentAct":{"count":2778234,"self":70.2234816,"total":70.295594999999992,"children":{"AgentInfo.ToProto":{"count":4995,"self":0.0110841,"total":0.0721117,"children":{"GenerateSensorData":{"count":4995,"self":0.0480009,"total":0.061027599999999994,"children":{"RayPerceptionSensor.Perceive":{"count":9990,"self":0.013026699999999999,"total":0.013026699999999999,"children":null}}}}}}}},"gauges":{"Car.CumulativeReward":{"count":4995,"max":378,"min":-154.5,"runningAverage":205.240143,"value":318,"weightedAverage":283.311279}},"metadata":{"timer_format_version":"0.1.0","start_time_seconds":"1679892102","unity_version":"2021.3.16f1","command_line_arguments":"C:\\Program Files\\Unity\\Hub\\Editor\\2021.3.16f1\\Editor\\Unity.exe -projectpath C:\\Work\\UnityProjects\\F23QLearning -useHub -hubIPC -cloudEnvironment production -licensingIpc LicenseClient-jacky -hubSessionId 2d632670-c7a4-11ed-8c9f-77b7c6756ad2 -accessToken BMvqXvXHqgiSXX0y-DLOzYFQykLjXx0ekyD6bTXzO80002f","communication_protocol_version":"1.5.0","com.unity.ml-agents_version":"2.0.1","scene_name":"TrainingTrack","end_time_seconds":"1679896186"}}